
INSERT INTO `list_propinsi` (`Id_Propinsi`, `Nama_Propinsi`) VALUES (1, 'Aceh');
INSERT INTO `list_propinsi` (`Id_Propinsi`, `Nama_Propinsi`) VALUES (2, 'Sumatera Utara');
INSERT INTO `list_propinsi` (`Id_Propinsi`, `Nama_Propinsi`) VALUES (3, 'Sumatera Barat');
INSERT INTO `list_propinsi` (`Id_Propinsi`, `Nama_Propinsi`) VALUES (4, 'Riau');
INSERT INTO `list_propinsi` (`Id_Propinsi`, `Nama_Propinsi`) VALUES (5, 'Kepulauan Riau');
INSERT INTO `list_propinsi` (`Id_Propinsi`, `Nama_Propinsi`) VALUES (6, 'Jambi');
INSERT INTO `list_propinsi` (`Id_Propinsi`, `Nama_Propinsi`) VALUES (7, 'Bangka Belitung');
INSERT INTO `list_propinsi` (`Id_Propinsi`, `Nama_Propinsi`) VALUES (8, 'Sumatera Selatan');
INSERT INTO `list_propinsi` (`Id_Propinsi`, `Nama_Propinsi`) VALUES (9, 'Lampung');


INSERT INTO `list_kontrasepsi` (`Id_Provinsi`, `Nama_Kontrasepsi`) VALUES (1, 'Pil');
INSERT INTO `list_kontrasepsi` (`Id_Provinsi`, `Nama_Kontrasepsi`) VALUES (2, 'Kondom');
INSERT INTO `list_kontrasepsi` (`Id_Provinsi`, `Nama_Kontrasepsi`) VALUES (3, 'IUD');

INSERT INTO `list_pemakai_kontrasepsi` (`Id_List`,`Id_Propinsi`, `Id_Kontrasepsi`, `Jumlah_Pemakai`) VALUES (1, 1, 1, 50);
INSERT INTO `list_pemakai_kontrasepsi` (`Id_List`,`Id_Propinsi`, `Id_Kontrasepsi`, `Jumlah_Pemakai`) VALUES (2, 1, 2, 66);
INSERT INTO `list_pemakai_kontrasepsi` (`Id_List`,`Id_Propinsi`, `Id_Kontrasepsi`, `Jumlah_Pemakai`) VALUES (3, 1, 3, 25);
INSERT INTO `list_pemakai_kontrasepsi` (`Id_List`,`Id_Propinsi`, `Id_Kontrasepsi`, `Jumlah_Pemakai`) VALUES (4, 2, 1, 100);
INSERT INTO `list_pemakai_kontrasepsi` (`Id_List`,`Id_Propinsi`, `Id_Kontrasepsi`, `Jumlah_Pemakai`) VALUES (5, 2, 2, 75);
INSERT INTO `list_pemakai_kontrasepsi` (`Id_List`,`Id_Propinsi`, `Id_Kontrasepsi`, `Jumlah_Pemakai`) VALUES (6, 2, 3, 50);
INSERT INTO `list_pemakai_kontrasepsi` (`Id_List`,`Id_Propinsi`, `Id_Kontrasepsi`, `Jumlah_Pemakai`) VALUES (7, 3, 2, 40);
INSERT INTO `list_pemakai_kontrasepsi` (`Id_List`,`Id_Propinsi`, `Id_Kontrasepsi`, `Jumlah_Pemakai`) VALUES (8, 3, 2, 65);
INSERT INTO `list_pemakai_kontrasepsi` (`Id_List`,`Id_Propinsi`, `Id_Kontrasepsi`, `Jumlah_Pemakai`) VALUES (9, 3, 1, 90);